date,open,high,low,close,volume,adjclose
2021/12/16,34.5,35.59,34.349998,34.68,11206900,34.58609
2021/12/17,34.52,34.720001,33.240002,33.400002,13577215,33.309555
2021/12/20,33.049999,33.779999,33,33.02,8440632,32.930584
2021/12/21,32.82,34.330002,32.73,33.540001,9437200,33.449177
2021/12/22,33.5,33.880001,33.060001,33.389999,7886081,33.29958
2021/12/23,32.740002,32.759998,32.139999,32.23,11131088,32.142723
2021/12/24,32.220001,32.52,31.4,31.540001,10427294,31.454592
2021/12/27,31.389999,32,31.059999,31.73,6232300,31.644075
2021/12/28,31.73,32.759998,31.66,32.48,8622521,32.392044
2021/12/29,32.830002,32.84,31.530001,31.559999,8398528,31.474537
2021/12/30,31.4,32.82,31.200001,31.82,8269296,31.733833
2021/12/31,31.66,32.200001,31.559999,31.709999,5756962,31.62413
2022/01/04,31.59,32.290001,31.57,31.93,6229660,31.843534
2022/01/05,31.709999,31.799999,29.709999,29.889999,13301007,29.809059
2022/01/06,29.65,30.940001,29.58,30.450001,8142618,30.367544
2022/01/07,30.440001,30.440001,28.6,28.93,11627272,28.85166
2022/01/10,28.92,29.66,28.379999,29.379999,7434425,29.30044
2022/01/11,29.299999,31.82,29.16,30.959999,17285037,30.876162
2022/01/12,30.360001,30.940001,29.6,30.34,10155255,30.257841
2022/01/13,30.049999,30.549999,29.610001,29.799999,7044746,29.719301
2022/01/14,29.610001,29.969999,28.85,28.879999,7318402,28.801794
2022/01/17,28.780001,29.299999,28.5,28.99,5602300,28.911495
2022/01/18,28.99,28.99,27.5,28.120001,10158019,28.043854
2022/01/19,28.120001,28.299999,27.58,27.700001,5524706,27.62499
2022/01/20,27.5,27.85,26.700001,26.809999,7970994,26.7374
2022/01/21,26.65,27.5,26.5,26.9,6692148,26.827156
2022/01/24,27.1,27.299999,26.52,27.120001,5330442,27.04656
2022/01/25,26.969999,27.360001,25.809999,25.83,6824334,25.760054
2022/01/26,25.719999,26.1,25.5,25.860001,4391450,25.789972
2022/01/27,25.91,25.98,24.620001,24.82,6099504,24.752789
2022/01/28,24.969999,25.780001,24.85,25.57,7184906,25.500757
2022/02/07,25.969999,26.07,25.35,25.809999,4856600,25.740107
2022/02/08,25.92,26.309999,25.4,26.08,5293600,26.009377
2022/02/09,25.969999,26.57,25.809999,26.43,5705292,26.358429
2022/02/10,26.450001,27.120001,26.1,26.18,6551400,26.109106
2022/02/11,26.24,26.280001,25.51,25.52,5196975,25.450893
2022/02/14,25.360001,26.85,25.18,26.15,8126350,26.079187
2022/02/15,26.139999,26.950001,25.9,26.559999,6874518,26.488075
2022/02/16,26.52,27.1,26.200001,26.809999,8527834,26.7374
2022/02/17,26.549999,26.860001,26.15,26.190001,7696740,26.11908
2022/02/18,26.200001,26.440001,25.809999,26.309999,4003940,26.238752
2022/02/21,26.299999,27.5,26.110001,27.030001,9920888,26.956804
2022/02/22,26.709999,27.07,25.870001,26.02,8669600,25.949539
2022/02/23,26.200001,27.18,26.18,26.889999,11056375,26.817183
2022/02/24,26.870001,27.18,25.299999,25.74,12121208,25.670298
2022/02/25,25.799999,28.309999,25.799999,27.98,28070272,27.90423
2022/02/28,27.120001,28.1,27.059999,27.559999,20627877,27.485369
2022/03/01,27.379999,27.799999,27.209999,27.66,10791660,27.585098
2022/03/02,27.459999,28.059999,27.08,27.690001,10840427,27.615017
2022/03/03,27.65,29.120001,27.469999,28.870001,21374973,28.791822
2022/03/04,28.51,29.49,28.42,28.51,16951027,28.432796
2022/03/07,28.209999,29.299999,27,29.129999,19682839,29.051117
2022/03/08,28.610001,28.969999,27.23,27.43,14970148,27.355721
2022/03/09,27.440001,28.17,25.5,27.74,12746782,27.664881
2022/03/10,28.08,28.77,27.4,27.940001,13061234,27.86434
2022/03/11,27.1,27.309999,26.030001,26.559999,13965862,26.488075
2022/03/14,26.049999,26.049999,24.549999,24.57,12101564,24.503466
2022/03/15,24,24,22.110001,22.110001,14597306,22.050127
2022/03/16,22,22.6,21.08,22.43,11869272,22.369261
2022/03/17,22.77,24.67,22.77,24.67,24500302,24.603195
2022/03/18,24.610001,24.91,23.67,24.09,16020842,24.024765
2022/03/21,23.969999,24.5,23.73,24.1,8523660,24.034739
2022/03/22,24.02,24.02,23.51,23.58,6607844,23.516146
2022/03/23,23.58,24.549999,23.23,24.16,10846724,24.094576
2022/03/24,23.959999,24.200001,23.690001,23.75,6645124,23.685686
2022/03/25,23.959999,25.34,23.58,23.98,16018141,23.915062
2022/03/28,23.58,24.6,23.1,24.190001,10287545,24.124495
2022/03/29,24.32,25.07,23.799999,23.959999,8802321,23.895117
2022/03/30,23.93,25.26,23.57,24.84,13953329,24.772734
2022/03/31,24.73,25.23,24.1,24.17,11037102,24.104549
2022/04/01,23.99,24.379999,23.620001,24.02,6563235,23.954956
2022/04/06,24,24.360001,23.48,23.719999,6182155,23.655767
2022/04/07,24.1,24.1,22.790001,22.809999,7585100,22.748232
2022/04/08,22.799999,22.99,21.93,21.959999,8558420,21.900532
2022/04/11,21.85,21.9,20.65,20.91,7475758,20.853376
2022/04/12,20.58,21.799999,20.299999,21.799999,7943264,21.740965
2022/04/13,21.360001,21.549999,20.74,20.860001,5649800,20.803513
2022/04/14,21,22.950001,21,22.32,18664981,22.259558
2022/04/15,21.799999,22.43,21.58,21.700001,12193640,21.641237
2022/04/18,21.200001,21.719999,20.9,21.57,5778284,21.511589
2022/04/19,21.68,22.68,21.360001,22.01,10367492,21.950397
2022/04/20,21.799999,24.08,21.68,23.01,17105836,22.947691
2022/04/21,22.82,25.309999,22.709999,24.92,37352477,24.852518
2022/04/22,24.27,25.68,23.43,24.950001,34386226,24.882437
2022/04/25,23.860001,23.860001,22.459999,22.459999,18308362,22.399178
2022/04/26,20.92,24.08,20.25,22.629999,25829924,22.568718
2022/04/27,22.01,22.91,20.85,22.15,20194087,22.090019
2022/04/28,21.9,22.5,20.6,20.809999,17151520,20.753647
2022/04/29,21.09,22.889999,21.01,22.889999,21385920,22.828014
2022/05/05,22.98,23.66,22.51,23.33,24302473,23.266823
2022/05/06,22.99,24,22.709999,23.09,17606713,23.027473
2022/05/09,22.99,23.58,22.77,23.120001,11745467,23.057392
2022/05/10,22.73,23.280001,22.15,22.959999,11938660,22.897825
2022/05/11,23,24.559999,22.99,23.5,22736859,23.436363
2022/05/12,23.33,25.5,23.299999,24.860001,24912951,24.792681
2022/05/13,24.950001,25.48,24.129999,24.299999,15800997,24.234196
2022/05/16,24.549999,26.73,24.549999,26.73,26882047,26.657616
2022/05/17,27.48,27.75,26.32,26.719999,31376068,26.647642
2022/05/18,26.4,28.040001,25.799999,26.799999,26645362,26.727427
2022/05/19,25.92,26.73,25.799999,26.34,16978966,26.268673
2022/05/20,26.34,27.66,26.34,26.77,17031192,26.697508
2022/05/23,26.77,27.299999,26.35,26.77,11156148,26.697508
2022/05/24,26.58,26.59,25.049999,25.15,13229148,25.081894
2022/05/25,25,25.469999,24.83,25.27,7513786,25.201571
2022/05/26,25.4,25.66,24.5,25.32,8634700,25.251434
2022/05/27,25.540001,26.110001,24.9,25.190001,9458728,25.121786
2022/05/30,25.32,27.709999,25.200001,27.26,26857067,27.186182
2022/05/31,26.809999,27.809999,26.639999,27.459999,20606526,27.385639
2022/06/01,27.459999,28,26.5,26.940001,14970084,26.867048
2022/06/02,26.83,27.200001,26.459999,26.91,9997433,26.83713
2022/06/06,26.950001,27.879999,26.6,27.450001,14700011,27.375668
2022/06/07,27.879999,29.1,27.549999,27.76,17975966,27.684828
2022/06/08,27.58,27.74,26.200001,27.110001,16714656,27.036589
2022/06/09,26.879999,27.190001,25.790001,25.85,12547655,25.779999
2022/06/10,25.549999,26.1,25.4,25.959999,8582922,25.959999
2022/06/13,25.73,26.5,24.799999,25.17,13467736,25.17
2022/06/14,25.17,25.299999,24.5,25.209999,8928206,25.209999
2022/06/15,25.309999,25.99,24.93,25.469999,12565489,25.469999
2022/06/16,25.49,26.48,25.360001,26.1,13786418,26.1
2022/06/17,25.780001,26.98,25.110001,26.65,16529685,26.65
2022/06/20,26.67,28.1,26.6,26.799999,17431643,26.799999
2022/06/21,26.6,27.43,26.110001,26.5,11274876,26.5
2022/06/22,26.5,26.68,25.469999,25.540001,10465506,25.540001
2022/06/23,25.66,25.719999,24.540001,25.200001,15730190,25.200001
2022/06/24,25.309999,25.780001,25.01,25.51,10470033,25.51
2022/06/27,25.629999,26.49,25.33,26,13762792,26
2022/06/28,26.049999,26.139999,25.25,25.700001,11539452,25.700001
2022/06/29,25.5,27.98,25.43,26.709999,29566427,26.709999
2022/06/30,26.75,28.799999,26.75,28.280001,30394276,28.280001
2022/07/01,28.190001,28.860001,27.459999,28.02,23777068,28.02
2022/07/04,27.959999,29.110001,27.549999,28.299999,19348752,28.299999
2022/07/05,28.299999,28.77,27.02,27.25,18855374,27.25
2022/07/06,26.98,27.33,25.879999,26.440001,17568255,26.440001
2022/07/07,26.290001,26.440001,25.83,26.09,8630906,26.09
2022/07/08,26.18,26.65,26.01,26.18,9192758,26.18
2022/07/11,26,26.66,25.450001,26.34,9117829,26.34
2022/07/12,26.1,27.1,25.65,26.93,12847363,26.93
2022/07/13,26.73,27.379999,26.65,26.77,11393142,26.77
2022/07/14,26.66,26.889999,26.059999,26.08,9491622,26.08
2022/07/15,25.85,28.690001,25.799999,28.690001,34186901,28.690001
2022/07/18,28.690001,30.66,28.25,29.66,41364611,29.66
2022/07/19,29.309999,32,29.309999,31.049999,32401015,31.049999
2022/07/20,31.200001,34.16,31,33,43198634,33
2022/07/21,33.040001,33.18,31.58,32.16,28483225,32.16
2022/07/22,31.75,33.68,31.74,32.27,21521238,32.27
2022/07/25,31.969999,32.59,31.5,32.549999,13121055,32.549999
2022/07/26,32.25,34.959999,31,31.200001,28063321,31.200001
2022/07/27,32.099998,33.82,31.719999,33.09,26114477,33.09
2022/07/28,32.77,34.380001,32.209999,33.299999,21136051,33.299999
2022/07/29,33.02,33.400002,31.620001,32.709999,16012239,32.709999
2022/08/01,32.119999,33.240002,31.629999,32.169998,12864589,32.169998
2022/08/02,32.25,32.630001,29.92,30.82,20615086,30.82
2022/08/03,30.83,31.200001,29.549999,29.68,15157684,29.68
2022/08/04,29.92,30.25,28.799999,29.73,11403411,29.73
2022/08/05,29.84,29.84,28.709999,29.1,11428625,29.1
2022/08/08,29.120001,29.559999,28.440001,29.370001,9450964,29.370001
2022/08/09,29.299999,30.84,29.110001,30.5,18844367,30.5
2022/08/10,30.889999,31.92,30.02,31.370001,16401055,31.370001
2022/08/11,31.200001,31.68,30.799999,31.07,10091676,31.07
2022/08/12,30.969999,31.860001,30.209999,31.389999,12419095,31.389999
2022/08/15,31,32.900002,30.5,32.279999,15071932,32.279999
2022/08/16,31.99,32.380001,30.75,31.040001,12238417,31.040001
2022/08/17,30.98,31.43,29.860001,30.139999,10653145,30.139999
2022/08/18,30,30.389999,29.35,29.629999,8430438,29.629999
2022/08/19,29.48,30.379999,29.48,30.24,7752363,30.24
2022/08/22,30.24,30.459999,29.5,30.450001,6193193,30.450001
2022/08/23,30.15,30.6,30,30.139999,4908268,30.139999
2022/08/24,30.02,31.83,29.879999,30.360001,11973184,30.360001
2022/08/25,30.299999,31.15,30.040001,30.540001,7963135,30.540001
2022/08/26,30.25,31.139999,29.700001,29.92,6776713,29.92
2022/08/29,29,29.49,26.93,27.299999,18726755,27.299999
2022/08/30,26.809999,27.629999,26.780001,27.02,7711158,27.02
2022/08/31,27.290001,28.09,26.809999,27.51,9290071,27.51
2022/09/01,27.309999,27.5,24.76,25.030001,18316223,25.030001
2022/09/02,25.16,25.24,24.01,24.5,14305359,24.5
2022/09/05,24.459999,24.57,23.469999,23.99,12663423,23.99
2022/09/06,24.07,24.290001,23.65,24.25,7502804,24.25
2022/09/07,24.25,24.35,23.85,23.98,7392426,23.98
2022/09/08,23.98,24.719999,23.809999,24.17,10501597,24.17
2022/09/09,24,26.17,24,25.24,15536399,25.24
2022/09/13,26,27.6,25.629999,26.99,19607752,26.99
2022/09/14,25.879999,26.280001,24.99,25.379999,17019441,25.379999
2022/09/15,25.309999,25.559999,24.280001,24.52,11992517,24.52
2022/09/16,24.49,24.99,24.110001,24.110001,7001698,24.110001
2022/09/19,23.75,23.75,21.700001,21.870001,21253868,21.870001
2022/09/20,22.01,23.129999,22.01,22.969999,13879442,22.969999
2022/09/21,23.299999,23.299999,22.299999,22.440001,8220900,22.440001
2022/09/22,22.4,22.66,21.799999,21.959999,7347394,21.959999
2022/09/23,21.75,21.98,21,21.209999,7801100,21.209999
2022/09/26,21.200001,21.85,20.51,21.41,6465394,21.41
2022/09/27,21.35,22.629999,21.200001,22.549999,13065455,22.549999
2022/09/28,22.1,22.549999,21.77,21.9,7922728,21.9
2022/09/29,22.049999,22.299999,21.42,21.57,6222356,21.57
2022/09/30,21.700001,22.120001,21.34,21.52,5581092,21.52
2022/10/10,21.5,21.65,20.65,20.76,5005100,20.76
2022/10/11,20.540001,20.809999,20.200001,20.690001,5017079,20.690001
2022/10/12,20.51,20.860001,19.85,20.860001,7213706,20.860001
2022/10/13,20.879999,21.24,20.68,20.790001,6428850,20.790001
2022/10/14,20.98,22.18,20.950001,21.84,11968006,21.84
2022/10/17,21.83,22.1,21.450001,21.82,9562450,21.82
2022/10/18,21.83,22.09,21.6,21.639999,7298743,21.639999
2022/10/19,21.700001,22.49,21.1,22.16,12675532,22.16
2022/10/20,22.040001,23.43,21.9,22.6,17265287,22.6
2022/10/21,22.049999,22.16,21.129999,21.18,12168008,21.18
2022/10/24,21.18,21.360001,20.25,20.34,9179574,20.34
2022/10/25,20.26,20.42,19.799999,20.17,6267901,20.17
2022/10/26,20.27,21,20.25,20.74,8130610,20.74
2022/10/27,20.68,20.799999,20.27,20.469999,6991022,20.469999
2022/10/28,20.51,20.52,18.9,19.200001,9684403,19.200001
2022/10/31,18.9,19.24,18.200001,18.860001,5712213,18.860001
2022/11/01,19.18,20.35,19,20.280001,11189400,20.280001
2022/11/02,19.99,21.799999,19.99,20.709999,15363713,20.709999
2022/11/03,20.200001,20.950001,20.200001,20.709999,7617071,20.709999
2022/11/04,20.75,21.860001,20.73,21.379999,12776819,21.379999
2022/11/07,21.219999,21.780001,21.200001,21.629999,8915814,21.629999
2022/11/08,21.68,21.719999,21.209999,21.42,5899619,21.42
2022/11/09,21.459999,21.76,21.389999,21.4,5591580,21.4
2022/11/10,21.700001,21.98,21.379999,21.58,9814805,21.58
2022/11/11,21.77,22.700001,21.77,21.92,15831107,21.92
2022/11/14,21.6,22.190001,21.299999,21.5,11661460,21.5
2022/11/15,21.620001,22.66,21.459999,22.370001,12309918,22.370001
2022/11/16,22.49,22.799999,22.129999,22.200001,10996880,22.200001
2022/11/17,22.559999,23.450001,22.200001,22.32,14686687,22.32
2022/11/18,22.18,24.23,22.01,23.6,28882944,23.6
2022/11/21,22.889999,23,21.6,22.17,21076687,22.17
2022/11/22,22.049999,22.059999,21.1,21.200001,15672126,21.200001
2022/11/23,20.969999,21.049999,20.4,20.719999,9999342,20.719999
2022/11/24,20.73,21.34,20.65,20.879999,7483618,20.879999
2022/11/25,20.809999,20.879999,20.52,20.530001,4865844,20.530001
2022/11/28,20.280001,20.629999,19.889999,20.629999,4855629,20.629999
2022/11/29,20.700001,22.690001,20.530001,22.690001,19590773,22.690001
2022/11/30,22.5,23.57,22.5,23.209999,25133873,23.209999
2022/12/01,24.57,25.530001,23.809999,23.860001,34208119,23.860001
2022/12/02,24.219999,24.459999,23.51,23.83,14063963,23.83
2022/12/05,24.440001,25.5,24.110001,25.17,21918657,25.17
2022/12/06,24.9,27.33,24.9,26.219999,28537135,26.219999
2022/12/07,25.75,27.1,25.6,26.74,20886275,26.74
2022/12/08,26.4,26.9,26,26.52,13645205,26.52
2022/12/09,26.66,26.799999,25.799999,26.5,11449804,26.5
2022/12/12,26.059999,26.75,25.870001,26.129999,9710632,26.129999
2022/12/13,25.709999,27.18,25.709999,26.809999,13611326,26.809999
2022/12/14,26.440001,27.879999,26.08,27.5,19866653,27.5
2022/12/15,27.67,28.25,26.6,26.83,15277209,26.83
2022/12/16,26.01,27.25,26.01,26.780001,9249414,26.780001
2022/12/19,26.6,27.18,26,26.24,7239424,26.24
2022/12/20,26.24,26.24,25.559999,25.9,6371936,25.9
2022/12/21,26.08,26.49,25.549999,25.879999,6291930,25.879999
2022/12/22,26.07,27.719999,25.98,26.959999,15538406,26.959999
2022/12/23,26.57,27.110001,25.93,26.360001,10020665,26.360001
2022/12/26,26.360001,26.75,26,26.209999,9435505,26.209999
2022/12/27,26.5,28.83,26.15,28.040001,26063232,28.040001
2022/12/28,28.190001,29.379999,27.66,28,30594274,28
2022/12/29,27.42,28.99,27.23,27.6,21188599,27.6
2022/12/30,27.620001,27.950001,26.25,27.76,21300651,27.76
2023/01/03,27.4,28.25,25.9,27.01,32392980,27.01
2023/01/04,26.280001,26.719999,26.01,26.34,13365190,26.34
2023/01/05,26.200001,28.15,26.07,26.82,21690375,26.82
2023/01/06,26.9,26.950001,25.879999,26.120001,15610284,26.120001
2023/01/09,26.1,27.18,26.049999,26.6,15808606,26.6
2023/01/10,26.790001,28.15,26.41,27.84,19243282,27.84
2023/01/11,27.85,28.58,27.200001,27.690001,19615408,27.690001
2023/01/12,27.690001,27.85,26.08,26.6,18843237,26.6
2023/01/13,26.6,27.07,26.1,26.790001,11169816,26.790001
2023/01/16,26.549999,28.379999,26.51,28.120001,22157413,28.120001
2023/01/17,27.91,28.110001,27.08,27.459999,12093919,27.459999
2023/01/18,27.17,27.77,26.799999,27.059999,9757729,27.059999
2023/01/19,27.02,27.040001,26.299999,26.469999,9418540,26.469999
2023/01/20,26.469999,26.9,26.41,26.59,6374407,26.59
2023/01/30,26.99,28.450001,26.9,27.83,19778033,27.83
2023/01/31,28.18,30.32,27.969999,28.389999,25369601,28.389999
2023/02/01,28.879999,29.049999,27.92,28.969999,12882139,28.969999
2023/02/02,28.969999,29.27,28.440001,28.75,9095189,28.75
2023/02/03,28.639999,28.639999,27.799999,28.33,8210798,28.33
2023/02/06,28,28,26.5,26.879999,16230166,26.879999
2023/02/07,27.190001,27.27,26.65,27.030001,7281530,27.030001
2023/02/08,26.9,27.02,26.41,26.74,7405392,26.74
2023/02/09,26.549999,26.9,26.18,26.27,12841405,26.27
2023/02/10,26.15,26.49,26.059999,26.42,6426809,26.42
2023/02/13,26.34,27.85,26.34,27.629999,17511472,27.629999
2023/02/14,27.629999,28.209999,27.200001,27.799999,13776071,27.799999
2023/02/15,27.700001,27.860001,27.129999,27.440001,7843071,27.440001
2023/02/16,27.209999,27.77,26.059999,26.33,12945016,26.33
2023/02/17,26.33,27.5,26.200001,26.91,12501651,26.91
2023/02/20,26.91,28.18,26.42,27.98,16865695,27.98
2023/02/21,28.02,28.219999,27.610001,27.950001,9536805,27.950001
2023/02/22,27.700001,28.549999,27.620001,28.24,10438348,28.24
2023/02/23,28.24,28.780001,27.92,28.27,8011467,28.27
2023/02/24,28.02,28.280001,27.370001,27.73,6320846,27.73
2023/02/27,27.9,28.5,27.73,28.16,8985321,28.16
2023/02/28,28,29.85,27.99,29.08,19194980,29.08
2023/03/01,29.08,29.35,28.49,29.33,12976885,29.33
2023/03/02,29.1,29.35,28.67,28.68,8247779,28.68
2023/03/03,28.809999,29.139999,28.02,28.18,7422607,28.18
2023/03/06,28.32,28.58,27.91,28.51,7838217,28.51
2023/03/07,28.25,28.790001,27.5,27.5,8069733,27.5
2023/03/08,27.5,27.940001,27.280001,27.559999,4583302,27.559999
2023/03/09,27.559999,27.719999,26.299999,26.51,10877161,26.51
2023/03/10,26.41,26.48,25.700001,25.879999,6613932,25.879999
2023/03/13,25.719999,26.370001,25.51,25.75,6726341,25.75
2023/03/14,25.82,26.129999,25.629999,26.059999,5220127,26.059999
2023/03/15,26.07,26.6,26.040001,26.08,4974177,26.08
2023/03/16,26,26.969999,25.92,26.639999,8253150,26.639999
2023/03/17,26.700001,26.799999,26.07,26.27,6270505,26.27
2023/03/20,26.1,26.18,24,24.110001,13431905,24.110001
2023/03/21,24.120001,24.639999,23.15,24.530001,8297294,24.530001
2023/03/22,24.5,24.66,23.77,24.030001,7253213,24.030001
2023/03/23,23.9,23.959999,23.33,23.530001,7222425,23.530001
2023/03/24,23.5,23.9,23.41,23.639999,3829200,23.639999
2023/03/27,23.73,23.73,22.950001,23.110001,7154221,23.110001
2023/03/28,23.09,23.690001,22.950001,23.200001,6874621,23.200001
2023/03/29,23.4,23.719999,23.23,23.42,6260949,23.42
2023/03/30,23.530001,24.51,23.25,24.440001,10992333,24.440001
2023/03/31,24.370001,24.65,24.18,24.5,7564390,24.5
2023/04/03,24.5,25.35,24.360001,24.879999,8657722,24.879999
2023/04/04,24.719999,25.23,24.459999,24.76,5993965,24.76
2023/04/06,27.24,27.24,26.52,27.24,18199196,27.24
2023/04/07,27.299999,28.549999,27.27,27.34,29172447,27.34
2023/04/10,27.07,28.65,27.059999,28.040001,22540087,28.040001
2023/04/11,27.959999,29.5,27.77,28.25,20912682,28.25
2023/04/12,28.120001,28.59,27.68,27.870001,14515428,27.870001
2023/04/13,27.870001,28.4,27.6,28,11619651,28
2023/04/14,28.01,28.02,27.16,27.4,10663845,27.4
2023/04/17,27.440001,27.99,27.219999,27.6,8756214,27.6
2023/04/18,27.48,27.49,26.889999,27.15,7491495,27.15
2023/04/19,27.16,27.4,26.700001,26.83,7896741,26.83
2023/04/20,26.860001,27.200001,26.450001,26.969999,7597872,26.969999
2023/04/21,26.98,27.379999,25.950001,26.08,10505852,26.08
2023/04/24,26.08,26.5,25.6,26.26,7718967,26.26
2023/04/25,25.9,26.48,25.15,25.540001,8394646,25.540001
2023/04/26,25.440001,26.59,25.299999,26.18,9643991,26.18
2023/04/27,25.9,27.200001,25.84,27.049999,14548951,27.049999
2023/04/28,27.139999,27.309999,26.360001,27.309999,11770439,27.309999
2023/05/04,27.58,27.870001,26.950001,27.35,10347189,27.35
2023/05/05,27.5,27.5,26.299999,26.9,9654348,26.9
2023/05/08,26.9,26.98,26.09,26.450001,9251651,26.450001
2023/05/09,26.34,26.58,25.5,25.549999,7639258,25.549999
2023/05/10,25.65,25.84,25.360001,25.59,5040786,25.59
2023/05/11,25.4,25.790001,25.4,25.629999,4344500,25.629999
2023/05/12,25.66,26.49,25.299999,25.4,8962413,25.4
2023/05/15,25.5,25.5,24.129999,24.879999,12610470,24.879999
2023/05/16,24.73,25.08,24.309999,24.469999,5472409,24.469999
2023/05/17,24.219999,24.780001,24.219999,24.48,4287495,24.48
2023/05/18,24.48,24.969999,24.08,24.219999,6506723,24.219999
2023/05/19,24.15,24.68,23.799999,24.370001,6003057,24.370001
2023/05/22,24.25,24.940001,24.059999,24.75,6129160,24.75
2023/05/23,24.530001,24.92,24.35,24.41,4778786,24.41
2023/05/24,24.41,24.41,23.690001,23.85,5940412,23.85
2023/05/25,23.799999,24,23.459999,23.93,4894100,23.93
2023/05/26,23.860001,24.059999,23.4,24.040001,4378800,24.040001
2023/05/29,23.93,24.1,23.48,23.540001,4169879,23.540001
2023/05/30,23.5,23.68,23.200001,23.629999,3979453,23.629999
2023/05/31,23.629999,23.91,23.51,23.75,3651935,23.75
2023/06/01,23.6,23.75,23.219999,23.35,6149242,23.35
2023/06/02,23.35,23.74,23.34,23.59,6148957,23.59
2023/06/05,23.67,23.75,23.309999,23.440001,8584196,23.440001
2023/06/06,23.360001,23.440001,22.690001,22.75,8418004,22.75
2023/06/07,22.67,23.17,22.66,23.059999,5062759,23.059999
2023/06/08,23.059999,23.15,22.48,22.52,5165583,22.52
2023/06/09,22.6,22.6,22.1,22.290001,5312661,22.290001
2023/06/12,22.559999,23.459999,22.4,23.200001,9916201,23.200001
2023/06/13,23.08,23.540001,22.85,23.42,6153653,23.42
2023/06/14,23.51,24.139999,23.370001,23.75,10025099,23.75
2023/06/15,23.76,24.07,23.42,24.02,8368178,24.02
2023/06/16,24.200001,24.370001,23.83,23.91,6463384,23.91
2023/06/19,23.870001,24.01,23.58,23.75,5566983,23.75
2023/06/20,23.73,24.08,23.58,23.6,4645491,23.6
2023/06/21,23.41,23.74,23.16,23.18,3798189,23.18
2023/06/26,23,23.139999,22.610001,22.709999,4765078,22.709999
2023/06/27,22.799999,23.4,22.559999,23.290001,5050785,23.290001
2023/06/28,23.440001,23.620001,22.610001,22.969999,5860143,22.969999
2023/06/29,22.700001,23.16,22.52,22.98,3782318,22.98
2023/06/30,22.9,24.24,22.85,23.780001,9234492,23.780001
2023/07/03,23.790001,24.23,23.73,24.07,7378951,24.07
2023/07/04,23.959999,24.139999,23.77,24.059999,5400011,24.059999
2023/07/05,24.1,24.299999,23.629999,23.68,4119376,23.68
2023/07/06,23.540001,23.76,23.299999,23.49,3875697,23.49
2023/07/07,23.35,23.41,23.07,23.34,3151913,23.34
2023/07/10,23.34,23.75,23.200001,23.51,4603922,23.51
2023/07/11,23.48,23.82,23.23,23.799999,4571557,23.799999
2023/07/12,23.75,23.85,23.379999,23.43,4065497,23.43
2023/07/13,23.68,24,23.35,23.77,5568713,23.77
2023/07/14,23.639999,23.639999,23.02,23.129999,7093493,23.129999
2023/07/17,22.65,22.780001,22.1,22.290001,7718681,22.290001
2023/07/18,22.23,22.469999,22.15,22.299999,4053537,22.299999
2023/07/19,22.25,22.379999,21.809999,22.15,4722403,22.15
2023/07/20,22.139999,22.59,22.120001,22.280001,4625521,22.280001
2023/07/21,22.389999,23.629999,22.1,22.98,10751618,22.98
2023/07/24,23.02,23.040001,22.5,22.66,5192895,22.66
2023/07/25,22.799999,23.299999,22.700001,23.08,5830761,23.08
2023/07/26,23.09,23.370001,22.879999,23.190001,4919314,23.190001
2023/07/27,23.059999,23.07,22.559999,22.66,5741851,22.66
2023/07/28,22.700001,23.950001,22.700001,23.879999,17643874,23.879999
2023/07/31,23.860001,24.799999,23.709999,24.790001,19140946,24.790001
2023/08/01,24.6,24.6,23.790001,23.879999,12605794,23.879999
2023/08/02,23.85,23.85,23.35,23.549999,7649063,23.549999
2023/08/03,23.549999,23.549999,23.17,23.469999,6892531,23.469999
2023/08/04,23.73,23.84,23.26,23.309999,8348160,23.309999
2023/08/07,23.01,23.25,22.719999,23.1,5329464,23.1
2023/08/08,23.1,23.190001,22.709999,22.77,5801037,22.77
2023/08/09,22.700001,23.030001,22.620001,22.76,4700020,22.76
2023/08/10,22.76,22.76,22.24,22.51,6206687,22.51
2023/08/11,22.559999,22.620001,22.280001,22.290001,4453276,22.290001
2023/08/14,22.200001,22.450001,21.85,22.450001,5668213,22.450001
2023/08/15,22.450001,22.65,22.1,22.32,5500768,22.32
2023/08/16,22.4,22.889999,22.299999,22.49,7433679,22.49
2023/08/17,22.35,22.540001,22.1,22.5,5229113,22.5
2023/08/18,22.540001,22.540001,21.379999,21.440001,9470117,21.440001
2023/08/21,21.42,22.049999,21.309999,21.559999,5285704,21.559999
2023/08/22,21.6,21.82,20.889999,21.370001,5709679,21.370001
2023/08/23,21.4,21.450001,20.709999,20.73,4517719,20.73
2023/08/24,20.700001,21.18,20.639999,20.98,4200768,20.98
2023/08/25,20.9,20.98,20.309999,20.469999,4780488,20.469999
2023/08/28,21.5,21.59,20.5,20.65,6504078,20.65
2023/08/29,20.9,21.76,20.65,21.75,8185770,21.75
2023/08/30,22.76,22.780001,22,22.26,10572065,22.26
2023/08/31,22.299999,23.25,22.200001,22.809999,14221943,22.809999
2023/09/01,22.709999,23.639999,22.709999,23.309999,10873172,23.309999
2023/09/04,23.24,24.639999,23.190001,24.6,19696176,24.6
2023/09/05,24.66,24.68,24.110001,24.370001,9281173,24.370001
2023/09/06,24.389999,24.65,24.120001,24.299999,7665486,24.299999
2023/09/07,24.25,24.5,23.68,23.9,9552618,23.9
2023/09/08,23.99,24.23,23.75,23.83,4750318,23.83
2023/09/11,23.85,24.370001,23.83,24.120001,5841490,24.120001
2023/09/12,24.139999,24.18,23.76,23.940001,3945300,23.940001
2023/09/13,24,24.15,23.459999,23.59,5468900,23.59
2023/09/14,23.549999,23.77,23.209999,23.34,3881401,23.34
2023/09/15,23.49,23.77,23.290001,23.440001,4151748,23.440001
2023/09/18,23.43,23.879999,23.1,23.690001,5073486,23.690001
2023/09/19,23.58,23.940001,23.280001,23.370001,3970919,23.370001
2023/09/20,23.200001,23.43,23.1,23.17,3795352,23.17
2023/09/21,22.969999,23.200001,22.700001,22.75,4111603,22.75
2023/09/22,22.75,23.200001,22.6,23.15,3715652,23.15
2023/09/25,23.059999,23.32,22.879999,22.940001,3292599,22.940001
2023/09/26,22.860001,23.08,22.77,22.85,2410000,22.85
2023/09/27,22.85,23.32,22.82,22.959999,3831641,22.959999
2023/09/28,23.040001,23.219999,22.75,22.84,3284298,22.84
2023/10/09,22.83,22.940001,22.459999,22.549999,4095148,22.549999
2023/10/10,22.459999,22.68,22.34,22.42,3481601,22.42
2023/10/11,22.35,22.709999,22.27,22.379999,3036753,22.379999
2023/10/12,22.559999,23.030001,22.15,22.440001,6148663,22.440001
2023/10/13,22.42,22.92,22.209999,22.620001,6770228,22.620001
2023/10/16,22.629999,23.9,22.42,22.65,13104942,22.65
2023/10/17,22.709999,23.77,22.57,22.799999,13174268,22.799999
2023/10/18,22.700001,22.74,21.389999,21.83,9826876,21.83
2023/10/19,21.92,22.120001,21.629999,21.67,5038630,21.67
2023/10/20,21.5,21.84,21.35,21.41,4202300,21.41
2023/10/23,21.41,21.41,20.66,20.73,4970610,20.73
2023/10/24,20.93,22.01,20.85,21.889999,8299315,21.889999
2023/10/25,21.92,22.07,21.33,21.35,6893864,21.35
2023/10/26,21.219999,21.82,21.02,21.77,5662004,21.77
2023/10/27,21.57,22.74,21.41,22.58,7873949,22.58
2023/10/30,22.700001,22.77,21.959999,22.25,8137937,22.25
2023/10/31,22.200001,22.26,21.48,21.76,8108982,21.76
2023/11/01,21.690001,21.74,21.139999,21.24,8030045,21.24
2023/11/02,21.219999,21.290001,20.809999,20.84,6263620,20.84
2023/11/03,20.860001,21.25,20.77,21.09,5613439,21.09
2023/11/06,21.26,21.440001,21.200001,21.41,6851738,21.41
2023/11/07,21.41,21.41,20.98,21.27,6614788,21.27
2023/11/08,21.200001,21.690001,21.120001,21.48,7687536,21.48
2023/11/09,21.440001,21.540001,21.16,21.18,6630785,21.18
2023/11/10,21.190001,21.200001,20.85,21.129999,4774400,21.129999
2023/11/13,21.08,21.209999,20.9,21.09,4408300,21.09
2023/11/14,21.09,21.280001,20.98,21.219999,4862579,21.219999
2023/11/15,21.450001,21.629999,21.27,21.42,7374100,21.42
2023/11/16,21.43,21.440001,21.059999,21.15,4705926,21.15
2023/11/17,21.1,21.27,21.01,21.200001,3454800,21.200001
2023/11/20,21.25,21.35,20.75,21.33,6754335,21.33
2023/11/21,21.33,21.73,21.299999,21.52,8950007,21.52
2023/11/22,21.52,21.52,21.129999,21.18,5249571,21.18
2023/11/23,21.1,21.33,20.99,21.290001,3538795,21.290001
2023/11/24,21.190001,21.290001,20.879999,20.969999,4800490,20.969999
2023/11/27,20.91,20.91,20.299999,20.35,7152646,20.35
2023/11/28,20.32,20.530001,19.93,20.530001,5136548,20.530001
2023/11/29,20.43,20.5,20.110001,20.15,3699441,20.15
2023/11/30,20.1,20.18,19.74,19.879999,4288179,19.879999
2023/12/01,19.879999,20.1,19.73,20.030001,4170736,20.030001
2023/12/04,20,20,19.75,19.860001,3580600,19.860001
2023/12/05,19.809999,19.809999,19.4,19.4,4405125,19.4
2023/12/06,19.299999,19.700001,19.23,19.549999,3350979,19.549999
2023/12/07,19.620001,19.68,19.1,19.32,4247610,19.32
2023/12/08,19.309999,19.379999,19.200001,19.26,2941818,19.26
2023/12/11,19.200001,19.379999,18.879999,19.34,3438679,19.34
2023/12/12,19.33,19.540001,19.219999,19.48,3379940,19.48
2023/12/13,19.389999,19.440001,19,19.02,3691125,19.02
2023/12/14,19.1,19.290001,18.950001,18.959999,2829169,18.959999
2023/12/15,18.950001,19.33,18.92,19.110001,3310669,19.110001
2023/12/18,19,19.040001,18.690001,18.700001,3071056,18.700001
2023/12/19,18.6,18.799999,18.549999,18.709999,2489288,18.709999
2023/12/20,18.700001,18.780001,18.360001,18.360001,2563600,18.360001
2023/12/21,18.33,18.66,18.219999,18.620001,3399161,18.620001
2023/12/22,18.620001,18.860001,18.48,18.65,4069806,18.65
2023/12/25,18.549999,18.65,18.299999,18.43,2343864,18.43
2023/12/26,18.51,18.59,18.059999,18.07,2653545,18.07
2023/12/27,18.040001,18.24,17.82,18.200001,2820722,18.200001
2023/12/28,18.139999,19.190001,18.040001,18.950001,5954640,18.950001
2023/12/29,19,19.459999,18.950001,19.23,5105233,19.23
2024/01/02,19.23,19.35,18.959999,19.09,3439421,19.09
2024/01/03,19.110001,19.16,18.85,18.969999,2510214,18.969999
2024/01/04,18.91,19,18.59,18.790001,3381853,18.790001
2024/01/05,18.780001,19.07,18.58,18.6,2772611,18.6
2024/01/08,18.73,19.059999,18.389999,18.389999,4607874,18.389999
2024/01/09,18.299999,19,18.24,18.860001,4991548,18.860001
2024/01/10,18.799999,20.290001,18.49,19.870001,14641303,19.870001
2024/01/11,19.48,19.82,19.200001,19.82,10022617,19.82
2024/01/12,19.6,19.700001,19.190001,19.200001,7425077,19.200001
2024/01/15,19.200001,19.200001,19.200001,19.200001,0,19.200001
2024/01/16,19.77,20.879999,19.360001,20.389999,13344316,20.389999
